SgID,ZhangScore
862,0.665858
936,0.687814
2004,0.422532
5017,0.343302
5029,0.288933
5030,0.502996
6086,0.26483
6436,0.754635
6507,0.67925
6515,0.417887
6530,0.926584
6555,0.300889
9742,0.694705
9759,0.586272
12427,0.61353
12436,0.429722
12437,0.205143
12538,0.681423
12543,0.20719
12548,0.113347
12554,0.589632
12574,0.534344
12578,0.524342
13865,0.367409
13869,0.611279
13874,0.412279
13875,0.401331
13876,0.513925
13877,0.530515
13882,0.283403
13883,0.586745
13884,0.672507
13885,0.63816
13886,0.63075
13887,0.559634
13889,0.653544
13891,0.513915
13892,0.628526
13897,0.606097
13898,0.669137
13899,0.591064
13900,0.550216
13901,0.502895
13902,0.519734
13903,0.433297
13904,0.436897
13905,0.427684
13906,0.541214
13907,0.427745
13908,0.331476
13909,0.301628
13914,0.533696
13916,0.348194
13918,0.62266
13919,0.616106
13920,0.542385
13921,0.73425
13922,0.652553
13923,0.673599
13924,0.719691
13925,0.516858
13934,0.459159
13935,0.410363
13936,0.766503
13937,0.665754
13939,0.581866
13940,0.705043
13941,0.739749
13942,0.743487
13943,0.707871
13944,0.815942
13947,0.464014
13949,0.63447
13951,0.554036
13952,0.516559
13953,0.826505
13957,0.343856
13958,0.442974
13959,0.370422
13960,0.406823
13961,0.454675
13962,0.320829
13966,0.642221
13967,0.636552
13970,0.618922
13975,0.626584
13976,0.580683
13980,0.488593
13981,0.626173
13982,0.261281
13983,0.504873
13993,0.607731
13999,0.557585
14003,0.645811
14004,0.630885
14005,0.516728
14006,0.334621
14007,0.380677
14011,0.307697
14012,0.561884
14013,0.710694
14015,0.592449
14020,0.598765
14021,0.817855
14022,0.846396
14025,0.622936
14033,0.681123
14037,0.197844
14038,0.173692
14039,0.319235
14040,0.446945
14041,0.465521
14042,0.352239
14043,0.339835
14044,0.388525
14045,0.435307
14046,0.514663
14047,0.413647
14052,0.58608
14055,0.398124
14056,0.445377
14057,0.489504
14058,0.516569
14059,0.614488
14063,0.406821
14064,0.328206
14065,0.362995
14066,0.173475
14067,0.220994
14068,0.129003
14069,0.177898
14070,0.105183
14071,0.113189
14080,0.566423
14082,0.511215
14083,0.615384
14086,0.700341
14087,0.675747
14088,0.558204
14089,0.632942
14090,0.247189
14096,0.799954
14099,0.702607
14101,0.739323
14102,0.677347
14110,0.692542
14111,0.686965
14122,0.568461
14130,0.595077
14131,0.638306
14132,0.679183
14133,0.655232
14136,0.809112
14137,0.687199
14139,0.655809
14141,0.373289
14142,0.447414
14143,0.653867
14146,0.650023
14147,0.565521
14148,0.640488
14149,0.481553
14150,0.49912
14151,0.352028
14152,0.514313
14161,0.415624
14164,0.407139
14178,0.581719
14179,0.509886
14180,0.470719
14181,0.36731
14182,0.588015
14183,0.68142
14184,0.594612
14185,0.188803
14190,0.375419
14203,0.466871
14205,0.771152
14206,0.575094
14207,0.415928
14219,0.710403
14220,0.864751
14222,0.687902
14228,0.637155
14231,0.652819
14236,0.742893
14237,0.428261
14238,0.578789
14239,0.836396
14240,0.783359
14241,0.619019
14242,0.515981
14262,0.753779
14263,0.764607
14264,0.680501
14265,0.566613
14269,0.317782
14270,0.515549
14273,0.675808
14276,0.791087
14277,0.742982
14278,0.49063
14297,0.527744
14325,0.710104
14326,0.762306
14327,0.524733
14328,0.521923
14331,0.668167
14338,0.595258
14339,0.416289
14348,0.737583
14352,0.575789
14353,0.597383
14356,0.653336
14357,0.714179
14358,0.443426
14361,0.791995
14365,0.712821
14366,0.670275
14373,0.743657
14374,0.706688
14388,0.579931
14389,0.268134
14390,0.267421
14391,0.129152
14392,0.382338
14393,0.594493
14394,0.626268
14395,0.569406
14396,0.761371
14397,0.723852
14398,0.753299
14399,0.526878
14402,0.657026
14403,0.729426
14404,0.66927
14405,0.671428
14406,0.551971
14407,0.701425
14420,0.531445
14421,0.630097
14425,0.176139
14426,0.150355
14429,0.516662
14443,0.367401
14448,0.264779
14449,0.443618
14450,0.375297
14451,0.308723
14452,0.190409
14455,0.255246
14459,0.306737
14462,0.373977
14463,0.458964
14464,0.433886
14465,0.454797
14466,0.360202
14467,0.610352
14470,0.601443
14472,0.245012
14475,0.617094
14476,0.803062
14477,0.882963
14488,0.237573
14502,0.532393
14534,0.723023
14546,0.659474
14547,0.777486
14548,0.59279
14549,0.539399
14550,0.568687
14551,0.463056
14552,0.804903
14553,0.804952
14563,0.646549
14564,0.595407
14572,0.476785
14573,0.182228
14579,0.679143
14588,0.763984
14594,0.737894
14595,0.722019
14606,0.423483
14616,0.136133
14617,0.428383
14618,0.418451
14626,0.627614
14635,0.453229
14638,0.282733
14639,0.283458
14640,0.165042
14647,0.25971
14649,0.262226
14654,0.290596
14655,0.21726
14657,0.845906
14658,0.853736
14659,0.715967
14660,0.531842
14661,0.752545
14666,0.807351
14671,0.305162
14672,0.319371
14673,0.331557
14680,0.878084
14681,0.719372
14689,0.535722
14690,0.501838
14697,0.618141
14698,0.319602
14704,0.660742
14707,0.643947
14714,0.58863
14720,0.707017
14723,0.767235
14724,0.663189
14725,0.477006
14731,0.605802
14750,0.827387
14751,0.871942
14761,0.814544
14762,0.741937
14763,0.560424
14792,0.595013
14793,0.623074
14794,0.601942
14795,0.501807
14796,0.533864
14800,0.565889
14814,0.743723
14815,0.685022
14816,0.601411
14818,0.549769
14825,0.532123
14829,0.518805
14830,0.357538
14831,0.53782
14832,0.88095
14833,0.876853
14834,0.56368
14843,0.872122
14844,0.865124
14846,0.666454
14851,0.753112
14852,0.784965
14853,0.747535
14854,0.792074
14859,0.629112
14864,0.332518
14869,0.132998
14879,0.469838
14887,0.759372
14888,0.773306
14891,0.791397
14895,0.503899
14907,0.07521
14908,0.0768129
14922,0.40981
14923,0.4043
14928,0.625793
14929,0.330102
14932,0.518686
14944,0.844182
14974,0.246913
14978,0.313789
14979,0.291176
14980,0.242226
14983,0.261438
14999,0.737853
15000,0.675886
15021,0.736877
15022,0.703454
15023,0.81885
15024,0.764632
15028,0.731432
15030,0.873973
15031,0.849526
15032,0.680481
15037,0.755198
15038,0.751157
15039,0.836179
15040,0.778272
15041,0.87351
15042,0.700315
15049,0.741996
15065,0.439911
15066,0.513435
15071,0.451185
15075,0.41563
15076,0.44753
15082,0.495983
15083,0.472833
15085,0.586969
15086,0.633007
15087,0.496852
15108,0.573918
15109,0.556863
15110,0.498161
15111,0.620099
15120,0.41132
15121,0.614663
15127,0.596981
15128,0.465952
15129,0.275617
15130,0.261734
15138,0.412374
15141,0.248968
15150,0.504413
15151,0.258762
15152,0.239158
15153,0.461725
15159,0.423858
15166,0.427409
15174,0.682029
15175,0.683154
15178,0.660667
15179,0.743823
15180,0.701058
15181,0.568307
15189,0.715216
15199,0.33271
15200,0.783345
15201,0.659504
15208,0.384408
15209,0.759873
15210,0.676057
15218,0.682611
15219,0.571786
15220,0.459275
15221,0.714857
15222,0.688776
15232,0.573828
15233,0.69185
15234,0.685245
15239,0.345741
15243,0.100426
15244,0.172361
15245,0.159878
15246,0.269487
15247,0.338284
15249,0.610884
15250,0.626736
15255,0.399582
15256,0.472578
15257,0.588458
15258,0.589213
15269,0.379549
15279,0.498704
15280,0.685034
15296,0.752732
15303,0.650474
15304,0.815424
15305,0.730861
15306,0.671984
15307,0.694708
15316,0.337806
15317,0.350142
15318,0.363304
15319,0.508925
15320,0.463303
15322,0.676161
15323,0.359857
15324,0.633348
15325,0.394999
15328,0.295022
15335,0.197785
15336,0.30743
15337,0.422868
15338,0.329117
15339,0.592229
15347,0.946935
15348,0.803432
15373,0.755808
15375,0.637665
15385,0.811569
15402,0.484113
15403,0.539427
15417,0.717094
15418,0.742676
15419,0.852935
15420,0.855531
15446,0.277579
15447,0.239932
15448,0.194406
15449,0.207198
15450,0.793581
15451,0.719123
15452,0.756094
15458,0.365534
15460,0.621518
15461,0.608486
15462,0.556389
15463,0.644028
15466,0.74505
15467,0.759364
15470,0.251848
15471,0.663385
15472,0.551482
15473,0.738186
15474,0.609481
15475,0.658863
15480,0.00422272
15484,0.860246
15486,0.802729
15500,0.672316
15507,0.57472
15508,0.531504
15516,0.817061
15518,0.629621
15523,0.666262
15525,0.763877
15526,0.787441
15527,0.806806
15528,0.752654
15529,0.743042
15530,0.691636
15531,0.675847
15541,0.757086
15542,0.618119
15543,0.531613
15550,0.963989
15551,0.940602
15552,0.806915
15560,0.795441
15561,0.814814
15587,0.761909
15588,0.837608
15589,0.662734
15597,0.526004
15605,0.81575
15618,0.531816
15619,0.449376
15623,0.677332
15644,0.787022
15645,0.681682
15653,0.549566
15654,0.683354
15655,0.692426
15656,0.837789
15662,0.828321
15666,0.760762
15681,0.61567
15687,0.920855
15700,0.379741
15712,0.633319
15713,0.626695
15718,0.792656
15724,0.549164
15725,0.625626
15727,0.589923
15742,0.54177
15743,0.524419
15763,0.671457
15764,0.285699
15765,0.405038
15773,0.474767
15785,0.195625
15786,0.216733
15787,0.188709
15788,0.272778
15799,0.811255
15800,0.664195
15801,0.303278
15802,0.528226
15803,0.841324
15804,0.668524
15805,0.633359
15806,0.718293
15827,0.179187
15828,0.243145
15829,0.209575
15837,0.812573
15847,0.508052
15848,0.356358
15852,0.744747
15861,0.562004
15862,0.628967
15868,0.661414
15875,0.596949
15877,0.622218
15878,0.593364
15899,0.59471
15906,0.653286
15908,0.538796
15914,0.606775
15922,0.0701897
15923,0.0833302
15929,0.068069
15930,0.079451
15944,0.448673
15945,0.4159
15946,0.331596
15947,0.571606
15948,0.54181
15956,0.297754
15978,0.593066
15979,0.424864
15980,0.504329
15989,0.568636
15998,0.55003
16024,0.69838
16025,0.716535
16026,0.544717
16027,0.519448
16028,0.508967
16030,0.482188
16034,0.376594
16035,0.292278
16036,0.32584
16037,0.501902
16039,0.367364
16040,0.416185
16041,0.456316
16042,0.529928
16046,0.454801
16047,0.5876
16048,0.596199
16049,0.867666
16052,0.686008
16053,0.575095
16054,0.721221
16055,0.676571
16056,0.669485
16079,0.532082
16080,0.747857
16081,0.682017
16082,0.356937
16083,0.295285
16092,0.744344
16093,0.737268
16111,0.59634
16112,0.765307
16113,0.604298
16120,0.61675
16128,0.402957
16129,0.463294
16150,0.792787
16156,0.379475
16173,0.779325
16177,0.42759
16178,0.578042
16179,0.459545
16180,0.425633
16181,0.306431
16182,0.321619
16183,0.330929
16184,0.122461
16185,0.233658
16186,0.286338
16200,0.23598
16201,0.738299
16202,0.738312
16212,0.590012
16222,0.54652
16223,0.551854
16224,0.28438
16237,0.706933
16240,0.755344
16243,0.820508
16244,0.819401
16245,0.729838
16246,0.617595
16254,0.738797
16267,0.438535
16268,0.335646
16270,0.414329
16271,0.456634
16272,0.286493
16286,0.708854
16287,0.708387
16288,0.798324
16289,0.589807
16301,0.613707
16302,0.605423
16303,0.874956
16304,0.674494
16305,0.557069
16312,0.0950172
16313,0.193208
16314,0.266974
16315,0.600118
16316,0.617473
16317,0.494541
16318,0.617508
16319,0.662371
16320,0.574329
16330,0.631142
16331,0.689209
16339,0.214415
16340,0.379231
16341,0.171133
16342,0.334731
16343,0.260307
16352,0.532132
16358,0.690473
16359,0.597708
16360,0.515552
16367,0.523857
16368,0.514854
16370,0.673952
16371,0.784709
16372,0.750791
16373,0.305632
16374,0.33468
16375,0.34741
16377,0.460471
16381,0.559788
16384,0.272452
16385,0.363888
16386,0.425233
16387,0.397888
16388,0.494059
16411,0.409473
16414,0.770056
16415,0.927115
16416,0.854227
16422,0.741562
16444,0.72589
16445,0.787303
16446,0.728908
16447,0.788099
16448,0.809666
16453,0.47175
16454,0.337112
16462,0.837178
16463,0.759123
16464,0.78337
16466,0.566014
16467,0.700893
16468,0.837766
16469,0.833301
16474,0.794663
16479,0.982321
16480,0.959977
16493,0.44456
16494,0.796618
16495,0.24
16506,0.84704
16507,0.25
16508,0.739327
16518,0.830394
16519,0.872391
16520,0.803648
16521,0.764958
16522,0.70225
16523,0.171101
16538,0.18235
16542,0.825368
16543,0.765747
16544,0.454505
16545,0.21406
16575,0.813508
16576,0.774636
16600,0.801548
16601,0.74327
16602,0.783729
16603,0.599242
16604,0.868998
16608,0.536166
16618,0.457217
16619,0.579813
16620,0.720771
16637,0.559187
16638,0.544278
16639,0.525488
16640,0.615377
16641,0.694222
16642,0.87346
16643,0.864342
16645,0.688673
16646,0.613055
16655,0.626829
16659,0.399293
16667,0.683917
16669,0.714977
16672,0.466643
16677,0.663771
16694,0.544076
16695,0.636787
16696,0.609442
16705,0.882315
16706,0.545889
16707,0.554444
16717,0.520452
16718,0.489122
16719,0.385597
16720,0.301191
16721,0.750517
16729,0.71196
16730,0.705245
16733,0.500713
16737,0.72762
16741,0.643906
16742,0.698812
16743,0.695726
16744,0.60813
16745,0.547342
16746,0.515037
16755,0.753161
16756,0.56666
16757,0.543418
16758,0.740083
16767,0.737097
16770,0.790625
16775,0.541129
16777,0.772793
16784,0.697519
16785,0.698553
16786,0.855614
16787,0.870216
16795,0.621097
16796,0.746172
16802,0.626594
16820,0.679269
16824,0.616899
16825,0.502047
16826,0.714388
16827,0.692703
16835,0.721161
16843,0.475873
16844,0.679622
16845,0.899526
16846,0.922053
16850,0.664387
16851,0.662943
16861,0.717649
16868,0.308672
16869,0.646775
16874,0.492615
16876,0.800857
16880,0.305037
16881,0.473022
16884,0.563536
16887,0.614835
16893,0.59117
16912,0.645842
16913,0.905952
16914,0.872362
16915,0.876585
16927,0.881775
16932,0.800426
16933,0.946866
16934,0.922075
16935,0.914642
16936,0.913484
16946,0.980362
16963,0.636106
16964,0.602243
16965,0.580781
16966,0.527531
16997,0.741744
17001,0.456992
17002,0.131056
17003,0.12318
17004,0.147952
17005,0.121577
17006,0.125788
17019,0.122038
17020,0.120162
17028,0.123528
17029,0.688705
17030,0.589144
17031,0.579584
17037,0.617055
17042,0.642903
17043,0.634918
17053,0.631538
17056,0.903656
17058,0.61025
17059,0.449769
17060,0.387105
17061,0.221453
17062,0.125935
17063,0.167375
17066,0.424872
17071,0.491241
17072,0.502642
17073,0.496579
17074,0.500186
17075,0.693813
17076,0.538905
17077,0.527689
17079,0.552884
17080,0.823992
17096,0.300661
17108,0.555877
17109,0.651647
17124,0.819994
17125,0.723327
17126,0.627706
17142,0.733996
17143,0.728384
17151,0.651393
17152,0.653283
17154,0.53256
17155,0.702996
17177,0.913316
17226,0.75777
17237,0.548268
17239,0.657084
17240,0.696579
17241,0.613173
17242,0.43748
17253,0.665501
17265,0.503222
17266,0.531387
17267,0.369925
17268,0.499156
17277,0.647988
17280,0.711639
17290,0.639
17303,0.634907
17304,0.515421
17315,0.55686
17316,0.633479
17317,0.670777
17318,0.58202
17324,0.745218
17328,0.639771
17330,0.539798
17331,0.634453
17332,0.327175
17333,0.566192
17342,0.687675
17343,0.720329
17344,0.664477
17349,0.317485
17350,0.212573
17365,0.41521
17366,0.315979
17367,0.210731
17368,0.675638
17377,0.283588
17378,0.79149
17387,0.533094
17395,0.783768
17440,0.208775
17441,0.227463
17456,0.328181
17457,0.488586
17458,0.567496
17465,0.267754
17471,0.60796
17480,0.411848
17482,0.813964
17483,0.835863
17484,0.840339
17485,0.622881
17486,0.650977
17487,0.731727
17488,0.347009
17492,0.665312
17494,0.50804
17498,0.696312
17499,0.778269
17500,0.630324
17501,0.606382
17503,0.284631
17507,0.323837
17508,0.40083
17510,0.277951
17517,0.394255
17525,0.744637
17526,0.757011
17527,0.695975
17528,0.534225
17529,0.324883
17530,0.411215
17537,0.239994
17538,0.422635
17539,0.407205
17540,0.400919
17543,0.15444
17544,0.360514
17545,0.40876
17546,0.279521
17547,0.442317
17550,0.524015
17551,0.686369
17552,0.600741
17553,0.529284
17554,0.550158
17555,0.49213
17560,0.638741
17561,0.713777
17562,0.747587
17563,0.708286
17564,0.635045
17565,0.707995
17566,0.82665
17567,0.802411
17568,0.733696
17579,0.787179
17587,0.803615
17588,0.721769
17589,0.573656
17590,0.399332
17591,0.458811
17592,0.63519
17593,0.724593
17594,0.75792
17595,0.609308
17597,0.499454
17600,0.4116
17601,0.497661
17602,0.491964
17603,0.399834
17606,0.40355
17607,0.404263
17608,0.394172
17609,0.350051
17610,0.356461
17611,0.32979
17622,0.612047
17623,0.814643
17624,0.873885
17625,0.909751
17628,0.494334
17629,0.499405
17630,0.33553
17631,0.320942
17632,0.165405
17633,0.239563
17634,0.169017
17637,0.209843
17639,0.552012
17642,0.230505
17643,0.205008
17645,0.486347
17646,0.315111
17647,0.685306
17648,0.737248
17656,0.60826
17678,0.868592
17686,0.377742
17694,0.624318
17695,0.5707
17696,0.641239
17697,0.669525
17698,0.41092
17702,0.422115
17706,0.685591
17707,0.682406
17708,0.526547
17709,0.38866
17710,0.607514
17717,0.674459
17718,0.671664
17720,0.690211
17721,0.641522
17722,0.689264
17723,0.718184
17724,0.697994
17725,0.680233
17728,0.954633
17729,0.931005
17738,0.560687
17739,0.74865
17740,0.881331
17741,0.771619
17743,0.220863
17744,0.334814
17745,0.573152
17746,0.698219
17747,0.663281
17751,0.362921
17754,0.409296
17755,0.47133
17756,0.447498
17761,0.641511
17762,0.705659
17775,0.67371
17778,0.608683
17779,0.688353
17780,0.671505
17781,0.492726
17782,0.247962
17783,0.384096
17789,0.677045
17790,0.32454
17793,0.676803
17794,0.686924
17798,0.356541
17799,0.712553
17800,0.660962
17801,0.329871
17802,0.188736
17814,0.581852
17815,0.58424
17816,0.700107
17817,0.650046
17819,0.808634
17820,0.625322
17826,0.703452
17831,0.0833378
17832,0.240552
17833,0.370811
17834,0.707807
17842,0.190199
17848,0.291476
17851,0.550625
17853,0.51412
17862,0.333674
17865,0.393389
17866,0.51398
17867,0.173845
17868,0.412444
17873,0.370469
17875,0.708381
17876,0.575331
17880,0.305477
17881,0.605706
17882,0.655196
17883,0.399307
17884,0.46317
17885,0.245403
17892,0.197593
17897,0.796955
17898,0.420457
17902,0.52132
17905,0.497568
17909,0.25706
17914,0.857049
17915,0.885003
17916,0.928699
17917,0.894617
17918,0.933233
17930,0.927291
17938,0.72101
17939,0.705708
17940,0.706876
17941,0.743838
17942,0.824896
17944,0.188659
17945,0.0729766
17951,0.901575
17958,0.830708
17959,0.831924
17960,0.883913
17969,0.511579
17974,0.843635
17988,0.92147
17992,0.822756
18002,0.41472
18003,0.367289
18004,0.302573
18005,0.277666
18009,0.563421
18023,0.647725
18026,0.611676
18027,0.617403
18028,0.575693
18047,0.633794
18048,0.56847
18056,0.705033
18057,0.840656
18092,0.668045
18093,0.686195
18100,0.692788
18107,0.562664
18108,0.72934
18115,0.700132
18116,0.78637
18132,0.290316
18133,0.341673
18134,0.303786
18135,0.226418
18136,0.334637
18137,0.257194
18138,0.202481
18142,0.643179
18147,0.510951
18148,0.470003
18149,0.337774
18152,0.568831
18162,0.569041
18164,0.545051
18180,0.285631
18181,0.803302
18186,0.714624
18187,0.809832
18190,0.837431
18196,0.386987
18204,0.450656
18244,0.745588
18254,0.584782
18255,0.579079
18264,0.256488
18275,0.398822
18276,0.221903
18284,0.75365
18286,0.545715
18287,0.584289
18311,0.269029
18312,0.344584
18319,0.725232
18324,0.697105
18330,0.613464
18336,0.645364
18338,0.40817
18339,0.44088
18350,0.481109
18351,0.50475
18352,0.489954
18359,0.472124
18363,0.52578
18375,0.255
18392,0.644615
18402,0.554536
18410,0.57957
18411,0.520172
18418,0.468247
18419,0.555663
18421,0.515233
18427,0.586803
18428,0.345304
18433,0.788129
18434,0.823946
18435,0.812777
18447,0.84945
18448,0.719972
18449,0.184133
18457,0.140996
18471,0.178119
18484,0.0619442
18497,0.0770343
20062,0.185293
20551,0.284312
20552,0.239024
20568,0.299704
20569,0.452249
20586,0.92708
20587,0.922877
20751,0.630612
20752,0.516156
20761,0.195816
20768,0.23754
20769,0.526788
20770,0.49313
20777,0.424154
20778,0.495202
20791,0.381096
20827,0.666073
21033,0.566502
21034,0.642677
21035,0.459756
21037,0.232026
21038,0.260889
21049,0.266964
21060,0.25849
21062,0.704447
21063,0.719749
21136,0.331146
21138,0.246701
21139,0.267178
21143,0.260291
21144,0.333368
21145,0.41281
21146,0.567861
21228,0.469276
21229,0.474368
21232,0.478324
21245,0.426067
21246,0.416757
21249,0.603868
21317,0.436715
21325,0.261835
21328,0.51052
21341,0.533745
21342,0.590243
21350,0.644566
21357,0.500237
21358,0.580424
21386,0.595297
21388,0.617839
21398,0.411781
21404,0.175274
21405,0.131872
21406,0.244885
21407,0.248123
21408,0.306164
21428,0.272716
21429,0.152738
21596,0.431752
21600,0.522948
21601,0.319673
22890,0.292411
22891,0.493637
22892,0.713463
22894,0.478172
22896,0.405094
22902,0.635363
22906,0.36902
22907,0.17821
22908,0.33288
22909,0.360231
22910,0.463099
22911,0.544133
22912,0.409751
22913,0.792467
22914,0.786332
22926,0.936639
22928,0.627656
22929,0.524935
22935,0.511558
22936,0.631551
22939,0.611219
22940,0.446181
22941,0.411494
22942,0.434354
22943,0.268561
22944,0.216844
22956,0.412849
22958,0.449826
22959,0.347666
22962,0.778116
22969,0.642583
22970,0.688962
22971,0.637326
22972,0.486357
22973,0.487968
22978,0.336402
22983,0.359356
22984,0.197139
22985,0.334955
23005,0.873707
23006,0.90866
23007,0.89319
23009,0.404636
23017,0.249716
23018,0.328631
23022,0.480183
23034,0.620622
23035,0.464564
23036,0.617053
23037,0.427259
23043,0.583156
23047,0.658238
23048,0.340849
23056,0.502358
23057,0.422279
23064,0.353832
23072,0.270318
23075,0.735645
23076,0.724534
23077,0.621879
23078,0.608072
23079,0.558483
23080,0.383893
23086,0.834174
23087,0.536599
23092,0.407856
23093,0.378932
23099,0.880933
23100,0.744326
23101,0.771976
23114,0.733451
23115,0.752842
23116,0.662772
23117,0.941623
23124,0.427429
23125,0.316408
23126,0.430096
23131,0.54094
23137,0.62745
23138,0.622814
23152,0.658833
23161,0.597232
23164,0.596071
23208,0.579432
23212,0.464881
23213,0.452383
23219,0.344911
23220,0.512271
23225,0.330056
23226,0.339033
23227,0.43581
23228,0.478956
23229,0.743677
23239,0.461988
23241,0.683238
23245,0.380565
23246,0.490801
23251,0.534642
23254,0.443591
23257,0.443567
23258,0.537556
23259,0.485918
23262,0.918123
23263,0.883182
23264,0.906593
23265,0.751003
23266,0.706273
23267,0.65553
23269,0.59094
23270,0.50237
23271,0.440997
23276,0.520036
23277,0.556971
23278,0.477583
23279,0.475492
23281,0.805251
23282,0.64887
23299,0.839698
23311,0.857352
23342,0.549796
23372,0.666397
23373,0.599668
23374,0.735451
23389,0.294894
23390,0.317622
23409,0.738083
23410,0.635759
23431,0.647749
23434,0.329257
23435,0.320477
23436,0.316794
23437,0.378216
23438,0.281506
23445,0.761116
23447,0.274116
23448,0.50474
23455,0.423847
23473,0.463867
23474,0.4223
23486,0.660661
23488,0.869235
23489,0.790507
23490,0.881888
23491,0.288748
23492,0.658056
23494,0.847946
23500,0.187896
23501,0.363773
23502,0.544814
23503,0.530926
23504,0.635034
23508,0.37444
23509,0.452479
23510,0.360741
23511,0.413003
23512,0.320374
23513,0.274956
23514,0.370255
23515,0.357535
23517,0.273831
23521,0.275456
23522,0.32562
23524,0.425743
23527,0.418072
23528,0.480625
23529,0.429684
23530,0.705864
23532,0.373327
23533,0.367224
23539,0.543741
23547,0.389426
23549,0.513034
23550,0.551146
23551,0.428975
23552,0.302931
23553,0.267279
23554,0.24872
23555,0.290009
23556,0.356998
23562,0.286812
23570,0.705474
23571,0.678573
23572,0.789505
23573,0.832522
23575,0.629217
23576,0.400569
23577,0.513725
23578,0.587632
23579,0.570494
23581,0.474182
23582,0.443806
23583,0.454187
23584,0.334763
23594,0.444472
23595,0.408267
23596,0.380385
23597,0.501736
23599,0.739809
23600,0.943826
23601,0.902846
23602,0.783637
23603,0.862795
23617,0.934377
23618,0.540591
23619,0.733527
23620,0.577407
23621,0.372534
23625,0.550243
23628,0.523868
23629,0.505733
23630,0.571564
23631,0.624092
23634,0.30575
23635,0.397331
23640,0.797422
23641,0.663406
23646,0.21135
23647,0.411818
23648,0.484016
23649,0.343047
23653,0.279414
23654,0.279311
23659,0.259327
23665,0.313602
23666,0.306084
23668,0.609148
23669,0.513525
23670,0.537479
23677,0.71323
23684,0.553803
23685,0.722298
23687,0.708501
23688,0.651313
23689,0.584324
23690,0.487044
23691,0.291858
23692,0.39734
23693,0.17839
23699,0.748998
23701,0.398132
23707,0.431703
23708,0.690776
23709,0.77858
23712,0.804854
23739,0.497958
23744,0.789567
23745,0.678664
23750,0.655354
23751,0.689492
23776,0.773851
23777,0.730212
23778,0.731843
23779,0.733504
23789,0.875682
23796,0.329924
23797,0.2651
23798,0.218594
23799,0.351645
23800,0.381959
23801,0.376828
23803,0.716044
23804,0.604379
23805,0.746913
23806,0.841548
23807,0.70185
23811,0.752337
23813,0.237103
23814,0.332577
23815,0.359493
23816,0.661777
23817,0.688746
23822,0.68095
23823,0.459457
23824,0.283475
23825,0.472811
23826,0.597494
23834,0.67415
23835,0.777674
23836,0.587623
23837,0.56711
23838,0.750948
23840,0.644747
23841,0.624706
23842,0.554913
23843,0.465501
23847,0.593161
23849,0.331214
23855,0.560517
23856,0.503212
23858,0.539616
23859,0.792654
23865,0.887195
23870,0.907718
23871,0.911111
23880,0.356035
23881,0.39065
23882,0.333778
23883,0.517153
23884,0.606218
23885,0.534823
23889,0.752898
23890,0.708461
23896,0.251683
23898,0.671559
23899,0.695868
23900,0.78631
23901,0.763091
23903,0.444615
23904,0.313796
23908,0.598644
23915,0.435226
23916,0.520403
23917,0.650785
23933,0.473372
23934,0.323745
23950,0.214934
23955,0.373671
23960,0.544558
23961,0.314415
23962,0.734331
23963,0.569944
23975,0.598131
23979,0.494137
23980,0.693047
23991,0.691065
23992,0.444444
23994,0.50203
23995,0.328197
23996,0.328629
24000,0.756877
24005,0.567246
24007,0.720311
24008,0.642453
24009,0.780865
24017,0.787675
24058,0.548829
24059,0.259787
24066,0.197031
24068,0.2421
24069,0.443617
24070,0.59434
24071,0.398598
24077,0.203247
24078,0.193762
24079,0.221992
24080,0.337138
24081,0.383356
24093,0.213618
24094,0.665477
24103,0.763761
24104,0.842915
24105,0.616933
24124,0.403059
24132,0.268507
24146,0.316529
24147,0.293313
24154,0.249155
24160,0.297568
24165,0.365668
24166,0.561668
24168,0.4427
24182,0.0647012
24185,0.0423806
24186,0.0547792
24195,0.438742
24196,0.34021
24199,0.0675729
24202,0.31744
24203,0.808856
24204,0.93341
24212,0.674543
24213,0.749442
24219,0.81513
24222,0.720417
24224,0.897926
24225,0.817292
24226,0.849628
24227,0.791642
24228,0.691559
24234,0.843295
24235,0.745487
24239,0.8108
24240,0.844744
24241,0.712954
24242,0.823457
24243,0.505566
24255,0.664226
24256,0.622669
24257,0.362219
24258,0.623247
24264,0.81093
24265,0.815047
24270,0.623753
24271,0.654281
24272,0.79937
24273,0.910281
24274,0.87578
24275,0.770677
24287,0.785688
24288,0.798699
24310,0.735895
24311,0.683486
24312,0.638869
24313,0.397769
24316,0.274724
24323,0.251581
24324,0.345581
24325,0.414774
24326,0.622495
24327,0.66987
24328,0.61943
24342,0.78952
24343,0.715918
24358,0.414526
24359,0.54758
24376,0.465312
24377,0.58496
24382,0.628135
24387,0.744509
24391,0.731217
24397,0.147447
24398,0.139945
24399,0.213548
24403,0.619662
24405,0.262287
24406,0.0538968
24407,0.251125
24408,0.0525542
24409,0.0424424
24421,0.0571657
24429,0.406249
24430,0.415797
24436,0.549649
24442,0.501972
24443,0.482792
24445,0.86015
24446,0.873164
24451,0.923802
24456,0.920158
24457,0.849315
24458,0.711478
24459,0.557949
24466,0.698587
24472,0.699893
24473,0.825119
24474,0.855469
24475,0.631594
24495,0.523716
24508,0.407098
24527,0.668327
24528,0.791779
24530,0.460066
24531,0.583623
24532,0.566841
24533,0.559194
24534,0.685873
24540,0.663178
24545,0.633502
24546,0.629008
24547,0.560426
24548,0.601287
24570,0.523039
24571,0.451187
24572,0.742448
24573,0.745187
24574,0.766265
24575,0.847454
24576,0.776586
24577,0.776262
24590,0.730983
24591,0.73282
24592,0.593355
24593,0.397584
24594,0.567407
24602,0.477734
24606,0.687415
24607,0.7343
24612,0.498454
24613,0.764214
24614,0.699775
24650,0.885872
24661,0.33909
24662,0.456233
24674,0.268195
24688,0.533588
24692,0.741104
24695,0.528389
24701,0.698342
24702,0.539723
24703,0.478837
24704,0.410934
24716,0.808199
24717,0.651108
24718,0.638363
24724,0.659723
24729,0.774933
24735,0.340926
24741,0.228453
24742,0.37351
24743,0.354566
24745,0.83372
24754,0.616075
24755,0.526957
24756,0.524694
24764,0.702939
24765,0.512405
24766,0.742386
24774,0.487804
24779,0.405533
24780,0.511225
24781,0.561089
24782,0.704905
24792,0.456713
24793,0.590839
24794,0.550963
24797,0.625229
24798,0.64541
24799,0.793957
24805,0.850424
24809,0.719995
24810,0.761595
24817,0.754067
24818,0.873191
24819,0.755021
24820,0.731908
24821,0.711207
24822,0.708599
24823,0.748909
24834,0.649575
24835,0.62363
24836,0.631833
24846,0.498153
24847,0.386761
24849,0.547752
24863,0.82787
24864,0.760095
24865,0.321506
24866,0.299321
24867,0.398964
24880,0.745822
24885,0.409776
24886,0.446442
24890,0.599666
24894,0.754387
24898,0.679556
24899,0.708459
24900,0.688786
24905,0.587952
24908,0.688802
24909,0.388846
24911,0.425703
24912,0.322963
24913,0.655482
24921,0.660169
24925,0.512484
24926,0.588871
24929,0.521496
24930,0.644061
24940,0.66931
24941,0.511745
24942,0.438177
24946,0.750302
24948,0.584172
24949,0.374069
24955,0.634437
24956,0.620871
24957,0.453699
24966,0.905554
24967,0.552624
24968,0.4264
24969,0.753173
24974,0.387932
24976,0.294849
24981,0.427535
24992,0.631895
24993,0.472118
24998,0.489306
25004,0.617468
25006,0.343517
25007,0.872529
25008,0.852019
25009,0.885874
25013,0.964418
25014,0.960774
25016,0.929441
25028,0.210433
25029,0.21045
25039,0.75673
25040,0.673302
25041,0.593025
25042,0.613518
25049,0.626211
25052,0.605915
25053,0.61961
25054,0.514243
25055,0.550947
25061,0.544645
25062,0.664831
25098,0.72335
25099,0.65266
25116,0.652053
25117,0.706349
25118,0.668322
25119,0.673882
25120,0.56615
25121,0.68419
25122,0.563837
25125,0.66538
25126,0.539645
25128,0.678191
25129,0.618147
25132,0.29307
25133,0.440968
25134,0.467821
25139,0.629668
25140,0.463045
25144,0.480886
25145,0.738881
25149,0.91729
25151,0.810223
25156,0.813158
25159,0.744316
25162,0.752086
25168,0.640928
25169,0.459449
25179,0.725668
25180,0.411633
25182,0.628397
25184,0.630348
25185,0.687062
25186,0.513385
25187,0.707287
25190,0.669539
25206,0.66832
25211,0.373983
25213,0.697781
25223,0.84433
25224,0.826544
25236,0.770097
25240,0.707603
25257,0.754918
25258,0.811004
25260,0.729337
25262,0.827905
25263,0.880662
25279,0.753117
25280,0.851315
25281,0.853102
25282,0.803232
25328,0.459846
25329,0.430628
25346,0.775335
25347,0.679789
25359,0.760686
25362,0.619534
25363,0.814528
25364,0.613578
25365,0.404559
25366,0.308897
25378,0.773379
25379,0.726953
25380,0.769971
25381,0.792134
25382,0.769231
25383,0.745448
25394,0.70978
25402,0.667849
25423,0.698381
25433,0.454609
25441,0.7726
25443,0.542201
25450,0.203731
25460,0.76371
25465,0.724313
25466,0.221166
25472,0.21169
25479,0.600814
25480,0.415191
25481,0.338671
25487,0.29844
25488,0.642304
25489,0.578151
25490,0.631273
25491,0.653367
25499,0.376481
25500,0.839261
25502,0.525547
25503,0.516439
25509,0.548899
25532,0.70414
25533,0.879642
25536,0.535097
25537,0.585762
25538,0.914452
25539,0.758048
25541,0.492612
26118,0.653852
26124,0.506984
26125,0.434928
